{"cameraMode":{"drawMode":0,"name":"Shaded","section":"Shading Mode"},"sceneLighting":true,"audioPlay":false,"sceneViewState":{"showFog":true,"showMaterialUpdate":false,"showSkybox":true,"showFlares":true,"showImageEffects":true,"showParticleSystems":true},"in2DMode":false,"pivot":{"x":255.40365600585938,"y":-130.65882873535157,"z":-163.65870666503907},"rotation":{"x":0.10275198519229889,"y":0.850993812084198,"z":-0.18139226734638215,"w":0.48206189274787905},"size":165.0201416015625,"orthographic":false}